"167.172.176.157:1080","DE"
"142.93.51.220:44339","US"
"54.36.244.128:27177","US"
"45.77.226.78:3000","GB"
"198.11.179.15:80","US"
"212.129.33.167:46726","FR"
"78.46.218.20:46764","ES"
"94.130.73.27:16351","UA"
"116.203.211.9:11284","IN"
"78.46.218.20:42013","DE"
"78.46.218.20:63510","CO"
"49.12.4.194:17243","FR"
"45.63.97.27:31801","GB"
"167.172.185.66:1080","DE"
"195.69.140.168:1080","GE"
"49.12.4.194:15149","US"
"78.46.218.20:43433","IN"
"162.243.175.93:1080","US"
"163.172.50.9:22345","GB"
"3.132.226.33:1080","US"
"87.246.14.111:1081","BG"
"173.244.200.154:34895","US"
"95.179.200.223:32923","GB"
"49.12.4.194:43932","VN"
"149.90.31.59:1080","PT"
"116.203.211.9:19598","IN"
"185.161.211.25:1080","NL"
"95.217.23.149:19738","TR"
"109.31.103.113:52318","FR"
"188.190.243.241:1080","UA"
"206.81.2.118:1080","US"
"46.243.183.181:1080","BY"
"173.244.200.155:24679","US"
"78.46.218.20:10401","FR"
"198.11.179.15:8080","US"
"104.248.63.15:30588","CH"
"45.77.226.250:31844","GB"
"198.12.151.247:48979","US"
"49.12.4.194:55004","TH"
"51.81.31.64:47497","US"
"95.217.23.149:60306","IN"
"78.46.218.20:55994","BR"
"49.12.4.194:39603","LA"
"101.108.178.62:9999","TH"
"185.189.14.79:42462","UA"
"95.217.23.149:35739","VN"
"49.12.4.194:20726","TH"
"95.216.33.245:9614","HU"
"95.217.23.149:34715","VN"
"49.12.4.194:18602","TH"
"206.189.158.28:56831","SG"
"95.217.23.149:62353","VN"
"104.248.63.18:30588","CH"
"75.119.217.119:18620","US"
"95.217.23.149:52194","VN"
"142.93.170.92:1080","DE"
"94.130.73.27:16062","KZ"
"174.76.48.233:4145","US"
"72.221.164.35:60670","US"
"116.202.103.223:25157","KR"
"95.216.207.20:17410","UA"
"181.129.141.2:1080","CO"
"116.203.211.9:23758","IN"
"174.76.48.246:4145","US"
"95.216.207.20:10774","AR"
"104.248.63.17:30588","DE"
"174.76.48.252:4145","US"
"95.216.207.20:47896","AR"
"95.217.23.149:31280","VN"
"174.70.241.14:24392","US"
"104.248.63.49:30588","DE"
"184.178.172.5:15303","US"
"24.249.199.14:57335","US"
"74.123.21.22:11264","US"
"181.102.172.174:1080","AR"
"159.89.49.60:31264","US"
"172.105.232.141:1080","JP"
"186.127.17.51:1080","AR"
"95.217.23.149:27470","BR"
"181.101.127.220:1080","AR"
"181.3.121.49:1080","AR"
"181.7.220.155:1080","BR"
"181.3.174.230:1080","BR"
"186.127.240.192:1080","BR"
"181.102.99.226:1080","US"
"181.102.213.176:1080","AR"
"181.101.39.238:1080","AR"
"181.102.188.27:1080","US"
"222.118.120.56:1080","KR"
"181.3.90.204:1080","AR"
"181.102.22.67:1080","AR"
"181.101.8.13:1080","US"
"222.103.30.35:1080","KR"
"181.3.73.39:1080","BR"
"186.127.18.234:1080","US"
"181.102.53.235:1080","AR"
"181.83.229.103:1080","AR"
"61.160.233.110:10009","TW"
"181.101.184.103:1080","BR"
"181.101.2.102:1080","BR"
"212.83.191.173:46469","FR"
"181.101.32.141:1080","BR"
"222.103.30.148:1080","KR"
"181.3.22.242:1080","AR"
"181.3.79.105:1080","AR"
"181.101.34.163:1080","AR"
"181.3.151.226:1080","AR"
"13.237.193.94:1080","AU"
"181.83.234.232:1080","AR"
"181.101.191.254:1080","AR"
"181.83.236.105:1080","AR"
"181.102.118.117:1080","AR"
"186.126.239.247:1080","AR"
"181.101.161.1:1080","BR"
"181.106.200.227:1080","AR"
"181.102.174.15:1080","AR"
"181.3.48.24:1080","BR"
"181.3.131.241:1080","AR"
"181.101.230.144:1080","BR"
"181.5.214.150:1080","AR"
"181.3.129.107:1080","BR"
"181.102.201.93:1080","AR"
"181.101.54.76:1080","AR"
"181.101.252.206:1080","AR"
"181.3.75.223:1080","BR"
"181.101.126.228:1080","US"
"181.101.125.129:1080","BR"
"181.102.96.174:1080","CA"
"181.102.150.199:1080","AR"
"181.102.66.14:1080","AR"
"186.127.1.241:1080","BR"
"72.11.148.222:56533","US"
"181.102.96.24:1080","CA"
"181.83.227.67:1080","AR"
"181.3.119.111:1080","AR"
"181.101.105.230:1080","DE"
"181.106.244.96:1080","BR"
"181.101.219.233:1080","BR"
"181.101.112.245:1080","AR"
"181.102.108.217:1080","AR"
"181.101.240.205:1080","AR"
"181.83.234.44:1080","BR"
"181.102.108.70:1080","US"
"181.106.236.88:1080","CA"
"181.82.226.251:1080","AR"
"181.102.116.145:1080","AR"
"181.106.211.211:1080","AR"
"181.5.238.191:1080","CL"
"181.102.89.223:1080","CA"
"181.102.168.36:1080","AR"
"181.7.234.18:1080","AR"
"181.106.222.191:1080","BR"
"114.26.168.42:1080","TW"
"181.102.37.31:1080","AR"
"181.101.145.167:1080","AR"
"186.127.245.169:1080","AR"
"181.101.118.221:1080","CA"
"181.101.176.85:1080","AR"
"186.127.243.254:1080","AR"
"181.5.213.122:1080","BR"
"181.83.230.60:1080","AR"
"181.3.47.73:1080","AR"
"181.101.176.231:1080","AR"
"181.3.64.22:1080","AR"
"186.127.14.145:1080","US"
"139.99.104.233:46800","CA"
"181.102.75.8:1080","AR"
"181.83.234.164:1080","US"
"181.102.207.173:1080","AR"
"181.102.72.108:1080","AR"
"186.127.243.24:1080","BR"
"181.102.200.222:1080","BR"
"181.106.197.81:1080","US"
"181.102.106.178:1080","CA"
"181.102.140.62:1080","AR"
"181.102.67.129:1080","AR"
"181.3.53.247:1080","AR"
"181.83.228.193:1080","AR"
"181.5.243.149:1080","BR"
"181.101.56.11:1080","AR"
"181.82.231.200:1080","AR"
"181.102.104.33:1080","AR"
"47.241.16.16:1080","SG"
"96.44.133.110:58690","US"
"186.127.236.135:1080","AR"
"181.102.2.84:1080","US"
"181.102.135.220:1080","CA"
"116.203.211.9:10272","KR"
"181.102.186.14:1080","AR"
"181.106.218.37:1080","BR"
"181.102.127.93:1080","CA"
"181.102.98.4:1080","US"
"95.110.194.245:15808","IT"
"172.246.69.25:29192","US"
"181.102.106.128:1080","AR"
"181.102.37.7:1080","BR"
"181.3.20.65:1080","US"
"181.101.163.118:1080","AR"
"181.3.159.51:1080","AR"
"103.21.163.70:6667","IN"
"181.106.196.181:1080","AR"
"181.5.207.42:1080","ES"
"181.3.75.61:1080","BR"
"181.101.246.241:1080","BR"
"186.126.229.139:1080","AR"
"181.3.52.14:1080","BR"
"181.3.123.87:1080","AR"
"181.3.124.173:1080","AR"
"186.127.0.79:1080","AR"
"181.101.214.251:1080","BR"
"181.102.120.89:1080","CA"
"181.101.89.251:1080","CL"
"181.3.48.2:1080","GB"
"181.5.222.180:1080","AR"
"181.3.100.229:1080","CA"
"181.106.243.94:1080","BR"
"181.101.81.219:1080","AR"
"181.101.16.212:1080","BR"
"181.102.11.89:1080","DE"
"181.3.15.130:1080","AR"
"181.101.188.238:1080","CA"
"181.101.127.153:1080","BR"
"184.176.166.8:17864","US"
"181.83.236.22:1080","AR"
"181.101.126.8:1080","AR"
"181.7.219.220:1080","CA"
"186.127.29.109:1080","BR"
"186.127.247.247:1080","US"
"181.101.15.135:1080","AR"
"181.106.195.41:1080","AR"
"181.5.242.213:1080","AR"
"181.101.163.162:1080","AR"
"181.3.145.248:1080","AR"
"181.102.39.249:1080","AR"
"181.5.206.54:1080","CL"
"181.83.228.77:1080","US"
"181.102.54.46:1080","CA"
"181.101.252.145:1080","AR"
"181.3.157.235:1080","AR"
"181.102.146.231:1080","CA"
"181.5.232.244:1080","BR"
"181.102.0.67:1080","CA"
"181.101.186.116:1080","US"
"181.3.22.186:1080","BR"
"181.106.221.30:1080","AR"
"181.101.113.58:1080","IT"
"181.102.126.82:1080","BR"
"181.102.52.202:1080","DE"
"181.3.136.78:1080","CA"
"181.102.110.142:1080","AR"
"181.102.177.238:1080","AR"
"181.102.217.169:1080","CA"
"181.3.28.108:1080","US"
"181.101.181.207:1080","US"
"181.101.49.229:1080","BR"
"181.3.25.23:1080","CA"
"174.76.48.251:4145","US"
"181.3.17.94:1080","BR"
"181.101.124.127:1080","FR"
"181.102.40.228:1080","CA"
"181.3.17.156:1080","AR"
"181.102.17.194:1080","BR"
"181.102.167.77:1080","AR"
"181.3.165.21:1080","BR"
"181.101.145.45:1080","AR"
"81.19.223.180:1080","GB"
"181.102.52.12:1080","AR"
"103.21.161.105:6667","IN"
"181.101.189.16:1080","AR"
"181.101.44.219:1080","US"
"181.102.3.187:1080","CA"
"181.102.94.178:1080","BR"
"181.83.224.22:1080","US"
"181.5.220.144:1080","US"
"181.101.130.110:1080","CA"
"181.106.235.220:1080","AR"
"181.101.30.217:1080","CA"
"181.102.70.195:1080","GB"
"181.106.226.5:1080","CA"
"181.5.206.66:1080","CL"
"181.3.104.227:1080","AR"
"181.101.2.165:1080","FR"
"181.101.175.164:1080","AR"
"174.70.241.27:24413","US"
"186.127.9.17:1080","ES"
"181.102.23.243:1080","BR"
"181.101.1.201:1080","AR"
"181.102.13.199:1080","IT"
"181.101.47.52:1080","AR"
"49.12.4.194:12037","IN"
"181.7.204.180:1080","US"
"98.143.145.30:62353","US"
"181.5.197.253:1080","BR"
"181.102.123.125:1080","BR"
"181.101.117.197:1080","AR"
"95.110.194.245:63331","IT"
"181.3.133.237:1080","AR"
"181.83.224.54:1080","AR"
"181.83.225.237:1080","AR"
"181.102.119.214:1080","US"
"95.110.194.245:35740","IT"
"181.3.136.55:1080","CA"
"175.182.177.104:1080","TW"
"181.3.79.9:1080","AR"
"181.101.82.224:1080","CA"
"181.101.38.129:1080","BR"
"181.3.70.232:1080","US"
"181.102.199.161:1080","CA"
"181.102.105.61:1080","AR"
"181.102.164.79:1080","US"
"181.101.62.201:1080","IT"
"181.101.42.230:1080","AR"
"181.3.178.85:1080","AR"
"181.3.165.56:1080","ES"
"181.102.114.135:1080","CL"
"181.101.11.165:1080","BR"
"174.76.48.225:4145","US"
"181.3.126.162:1080","CA"
"181.3.110.24:1080","BR"
"181.102.97.147:1080","AR"
"181.102.217.247:1080","US"
"181.102.42.119:1080","AR"
"181.102.50.57:1080","AR"
"181.3.94.37:1080","AR"
"181.106.233.206:1080","AR"
"184.178.172.18:15280","US"
"174.76.48.230:4145","US"
"181.3.51.146:1080","CA"
"181.5.241.61:1080","CA"
"186.127.236.54:1080","AR"
"181.102.113.87:1080","BR"
"181.3.55.181:1080","CL"
"101.6.241.86:1081","US"
"181.101.10.137:1080","CL"
"181.102.138.99:1080","US"
"181.101.54.118:1080","BR"
"186.127.242.188:1080","AR"
"181.102.23.144:1080","BR"
"181.3.80.251:1080","AR"
"181.3.29.215:1080","DE"
"181.3.113.4:1080","FR"
"181.101.50.211:1080","BR"
"181.102.61.106:1080","US"
"181.102.156.218:1080","US"
"181.101.241.183:1080","US"
"181.3.122.138:1080","AR"
"181.102.16.62:1080","BR"
"103.216.82.199:6667","IN"
"181.83.225.124:1080","CA"
"181.3.163.154:1080","BR"
"181.101.12.144:1080","FR"
"181.102.160.102:1080","US"
"181.101.82.250:1080","AR"
"184.178.172.28:15294","US"
"181.3.157.236:1080","AR"
"181.102.47.203:1080","CA"
"181.102.14.194:1080","BR"
"181.101.34.196:1080","CL"
"181.3.72.35:1080","BR"
"181.106.231.216:1080","CA"
"181.102.180.165:1080","US"
"181.102.187.182:1080","BR"
"184.178.172.13:15311","US"
"186.127.244.156:1080","CA"
"181.101.144.84:1080","AR"
"181.101.135.244:1080","US"
"181.101.23.187:1080","CA"
"174.76.48.228:4145","US"
"181.3.152.176:1080","CA"
"181.101.105.42:1080","US"
"139.99.104.233:40878","CA"
"181.106.214.253:1080","AR"
"186.126.241.202:1080","BR"
"181.102.154.155:1080","AR"
"181.3.128.176:1080","AR"
"181.3.13.121:1080","CA"
"181.102.136.33:1080","BR"
"216.144.230.233:15993","US"
"181.106.207.6:1080","US"
"181.101.148.8:1080","AR"
"95.110.194.245:55402","IT"
"181.3.69.47:1080","AR"
"181.101.130.33:1080","FR"
"96.44.183.149:55225","US"
"181.7.240.40:1080","CA"
"181.101.12.47:1080","CA"
"186.127.236.136:1080","BR"
"66.110.216.221:39603","US"
"181.102.67.172:1080","AR"
"181.3.41.207:1080","AR"
"174.76.48.249:4145","US"
"181.102.110.249:1080","AR"
"181.101.252.202:1080","BR"
"181.102.205.152:1080","AR"
"186.126.232.137:1080","IT"
"61.160.233.110:10008","TW"
"181.102.27.160:1080","US"
"181.3.99.204:1080","FR"
"181.102.59.85:1080","US"
"174.70.241.7:24385","US"
"103.240.160.21:6667","IN"
"181.7.220.73:1080","AR"
"181.101.32.112:1080","US"
"174.76.48.232:4145","US"
"181.101.56.145:1080","AR"
"181.3.87.217:1080","AR"
"174.76.48.235:4145","US"
"186.127.240.91:1080","AR"
"181.101.25.85:1080","AR"
"181.3.152.45:1080","US"
"66.110.216.105:39431","US"
"181.102.52.245:1080","BR"
"181.101.109.31:1080","AR"
"174.76.35.7:36171","US"
"181.102.202.21:1080","AR"
"186.127.0.194:1080","AR"
"186.126.241.81:1080","AR"
"181.3.31.226:1080","AR"
"181.102.209.104:1080","DE"
"181.101.169.1:1080","AR"
"87.241.90.113:10200","SE"
"181.3.149.89:1080","AR"
"181.83.232.147:1080","BR"
"52.35.180.140:1080","US"
"69.163.164.69:2762","US"
"181.101.132.90:1080","CA"
"181.102.110.109:1080","BR"
"181.102.71.42:1080","BR"
"181.101.187.98:1080","BR"
"181.83.229.36:1080","BR"
"181.7.205.25:1080","US"
"180.108.76.174:1080","US"
"181.3.143.172:1080","IT"
"186.127.0.83:1080","AR"
"181.102.149.46:1080","US"
"181.3.86.213:1080","AR"
"181.101.31.86:1080","AR"
"181.3.82.247:1080","CA"
"186.126.231.121:1080","US"
"181.5.222.133:1080","BR"
"97.74.6.64:16592","US"
"181.101.145.209:1080","BR"
"181.102.103.47:1080","AR"
"220.79.34.109:2018","KR"
"181.101.170.9:1080","US"
"181.3.171.53:1080","AR"
"181.102.76.228:1080","US"
"186.126.245.117:1080","IT"
"181.101.111.250:1080","CA"
"116.202.103.223:26861","MX"
"174.70.241.18:24404","US"
"186.126.225.114:1080","CA"
"181.3.36.90:1080","BR"
"181.3.122.12:1080","BR"
"49.12.4.194:30588","UA"
"181.102.114.13:1080","CA"
"181.102.212.251:1080","US"
"98.143.145.29:62354","US"
"181.3.150.208:1080","AR"
"181.3.163.148:1080","CA"
"181.3.41.142:1080","AR"
"181.102.98.252:1080","US"
"51.38.129.49:1080","FR"
"186.126.231.29:1080","BR"
"181.5.235.76:1080","AR"
"181.83.229.239:1080","AR"
"186.127.17.154:1080","BR"
"181.106.216.54:1080","CL"
"181.102.179.62:1080","AR"
"181.102.159.241:1080","US"
"47.89.249.147:17840","US"
"181.5.194.205:1080","AR"
"186.126.239.37:1080","US"
"181.101.219.97:1080","CA"
"181.102.200.176:1080","BR"
"181.3.179.81:1080","AR"
"181.102.186.207:1080","AR"
"181.101.59.224:1080","AR"
"181.82.228.15:1080","AR"
"181.102.74.112:1080","AR"
"181.102.165.104:1080","CA"
"184.168.146.10:30241","US"
"181.101.232.204:1080","AR"
"18.180.120.154:1080","JP"
"181.3.6.130:1080","BR"
"181.3.145.109:1080","AR"
"66.135.227.178:4145","US"
"103.243.27.169:1080","HK"
"181.5.220.68:1080","AR"
"181.3.177.118:1080","AR"
"181.5.198.224:1080","AR"
"181.3.13.135:1080","CA"
"181.5.218.227:1080","AR"
"186.126.247.223:1080","AR"
"174.70.241.8:24398","US"
"181.3.13.149:1080","BR"
"181.3.150.36:1080","AR"
"181.102.168.15:1080","US"
"186.126.245.37:1080","CA"
"181.3.69.130:1080","IT"
"181.3.151.131:1080","US"
"181.101.40.192:1080","AR"
"181.3.179.52:1080","AR"
"181.3.163.220:1080","BR"
"181.102.174.126:1080","AR"
"139.99.104.233:43693","CA"
"174.76.35.15:36163","US"
"69.61.200.104:36181","US"
"181.3.120.253:1080","AR"
"208.97.31.229:53124","US"
"181.3.133.76:1080","AR"
"181.101.176.126:1080","CA"
"181.3.17.44:1080","CL"
"216.144.228.130:15378","US"
"186.127.241.204:1080","US"
"181.101.161.25:1080","BR"
"181.3.173.40:1080","AR"
"59.42.207.223:1080","US"
"103.216.82.18:6667","IN"
"181.3.118.250:1080","BR"
"181.101.90.67:1080","US"
"181.101.54.126:1080","CA"
"72.49.49.11:31034","US"
"46.243.183.167:1080","BY"
"181.7.197.138:1080","AR"
"181.7.237.111:1080","IT"
"181.3.24.52:1080","AR"
"181.102.30.179:1080","BR"
"69.163.165.206:2762","US"
"181.3.11.126:1080","CA"
"181.3.17.210:1080","AR"
"181.102.19.26:1080","ES"
"132.148.159.44:7572","US"
"181.101.123.221:1080","BR"
"181.102.140.52:1080","US"
"181.5.203.84:1080","CL"
"181.5.222.64:1080","AR"
"181.3.50.232:1080","US"
"181.5.201.85:1080","AR"
"186.126.239.161:1080","AR"
"181.102.193.40:1080","AR"
"184.168.146.10:14685","US"
"181.101.89.17:1080","AR"
"181.106.233.112:1080","BR"
"181.3.129.142:1080","AR"
"181.101.137.72:1080","CA"
"186.127.239.196:1080","CA"
"181.102.48.147:1080","BR"
"181.102.45.98:1080","SG"
"181.102.123.187:1080","BR"
"181.106.201.97:1080","AR"
"181.101.249.203:1080","AR"
"181.102.180.95:1080","NL"
"50.62.31.62:17232","US"
"208.102.51.6:58208","US"
"181.102.84.143:1080","AR"
"181.3.96.239:1080","CA"
"181.3.49.132:1080","AR"
"181.5.234.3:1080","CL"
"186.127.7.89:1080","CA"
"186.127.17.104:1080","AR"
"104.238.97.215:18254","US"
"181.102.73.48:1080","IT"
"181.102.173.129:1080","US"
"181.3.71.253:1080","BR"
"181.3.55.159:1080","US"
"47.95.0.117:1080","HK"
"104.236.26.27:38801","US"
"98.143.144.60:58780","US"
"46.243.183.67:1080","BY"
"181.102.68.153:1080","AR"
"186.126.249.181:1080","BR"
"181.3.70.13:1080","BR"
"69.60.71.80:39880","CA"
"184.168.146.10:32415","US"
"181.102.220.46:1080","AR"
"66.42.224.229:41679","US"
"181.102.119.37:1080","AR"
"181.101.150.198:1080","FR"
"181.3.97.224:1080","AR"
"192.169.192.171:58095","US"
"181.3.153.195:1080","AR"
"185.130.105.119:1098","PL"
"216.45.49.20:25157","US"
"136.244.111.12:3128","DE"
"181.3.47.190:1080","AR"
"186.127.237.14:1080","AR"
"186.127.6.116:1080","AR"
"186.127.14.68:1080","AR"
"184.178.172.25:15291","US"
"181.3.180.177:1080","AR"
"181.101.250.54:1080","BR"
"181.3.5.41:1080","US"
"181.5.207.116:1080","AR"
"181.3.44.239:1080","ES"
"181.102.49.57:1080","AR"
"181.102.22.29:1080","FR"
"185.130.105.119:65035","PL"
"181.102.28.226:1080","BR"
"185.130.105.119:20","PL"
"185.130.105.119:65033","PL"
"181.101.137.146:1080","AR"
"181.101.187.157:1080","AR"
"181.7.248.106:1080","AR"
"181.3.158.20:1080","CA"
"67.215.238.139:25157","US"
"186.126.250.23:1080","AR"
"181.101.48.155:1080","SG"
"185.130.105.119:11","PL"
"185.130.105.119:65084","PL"
"185.130.105.119:1085","PL"
"185.130.105.119:12","PL"
"181.3.162.155:1080","AR"
"185.130.105.119:30","PL"
"184.168.146.10:58998","US"
"181.5.206.46:1080","BR"
"185.130.105.119:16","PL"
"181.101.2.95:1080","CA"
"181.3.27.84:1080","CA"
"181.3.53.174:1080","BR"
"181.3.98.109:1080","CA"
"185.130.105.119:1102","PL"
"181.106.199.221:1080","US"
"185.130.105.119:65357","PL"
"181.3.86.230:1080","AR"
"185.130.105.119:42","PL"
"185.130.105.119:44","PL"
"186.126.254.75:1080","US"
"185.130.105.119:10","PL"
"185.130.105.119:65254","PL"
"51.79.69.153:1337","DE"
"181.106.211.10:1080","BR"
"181.102.146.139:1080","AR"
"181.3.28.45:1080","AR"
"185.130.105.119:27","PL"
"181.102.29.173:1080","CL"
"165.254.42.155:1080","US"
"185.130.105.119:47","PL"
"181.101.230.165:1080","AR"
"181.3.1.158:1080","AR"
"181.3.173.74:1080","AR"
"181.102.18.222:1080","BR"
"181.102.190.205:1080","CA"
"185.130.105.119:41","PL"
"185.130.105.119:65082","PL"
"181.101.169.66:1080","IT"
"185.130.105.119:31","PL"
"185.130.105.119:33","PL"
"185.130.105.119:65205","FR"
"110.4.47.140:1080","MY"
"181.102.165.152:1080","AR"
"181.101.238.233:1080","CL"
"185.130.105.119:81","PL"
"185.130.105.119:65349","PL"
"149.97.186.70:1080","US"
"49.12.4.194:26366","TH"
"181.3.102.29:1080","AR"
"181.3.149.7:1080","CA"
"185.130.105.119:13","PL"
"185.130.105.119:65102","PL"
"185.130.105.119:32","PL"
"185.130.105.119:35","PL"
"186.127.247.41:1080","AR"
"185.130.105.119:1081","PL"
"186.126.246.91:1080","BR"
"181.101.31.213:1080","US"
"181.83.226.193:1080","CA"
"185.130.105.119:808","PL"
"181.102.119.140:1080","AR"
"181.101.125.248:1080","CL"
"181.3.58.37:1080","US"
"181.3.109.112:1080","CA"
"185.130.105.119:24","PL"
"103.250.157.43:6667","IN"
"181.3.178.135:1080","BR"
"181.101.118.67:1080","BR"
"95.216.33.245:9630","DE"
"181.3.111.201:1080","CA"
"181.83.224.127:1080","US"
"181.101.60.130:1080","AR"
"181.102.178.11:1080","AR"
"181.7.234.182:1080","AR"
"163.172.7.233:9050","US"
"186.127.238.226:1080","AR"
"61.41.9.213:10081","KR"
"104.238.97.215:45208","US"
"181.106.219.103:1080","CA"
"181.102.202.170:1080","BR"
"181.101.214.102:1080","AR"
"181.3.13.93:1080","BR"
"181.102.56.119:1080","BR"
"46.243.183.179:1080","BY"
"213.136.89.190:11074","DE"
"181.3.95.181:1080","BR"
"181.102.117.120:1080","AR"
"181.101.123.86:1080","CL"
"181.101.186.44:1080","BR"
"181.102.151.97:1080","AR"
"181.102.39.81:1080","AR"
"186.126.243.245:1080","BR"
"181.102.122.19:1080","AR"
"181.102.39.92:1080","CA"
"181.5.201.160:1080","US"
"181.102.6.96:1080","AR"
"103.251.225.16:6667","IN"
"181.101.226.140:1080","CL"
"181.101.142.57:1080","BR"
"181.3.74.156:1080","AR"
"95.216.33.245:9610","CH"
"95.216.33.245:9586","NL"
"181.3.13.32:1080","AR"
"95.216.33.245:9564","DE"
"181.101.97.20:1080","CL"
"188.242.246.139:9050","FR"
"153.37.234.89:1080","MO"
"181.101.0.212:1080","AR"
"184.168.146.10:41897","US"
"181.102.64.50:1080","BR"
"181.3.181.250:1080","BR"
"186.126.246.44:1080","IT"
"181.102.98.81:1080","US"
"104.238.97.215:27706","US"
"186.127.18.94:1080","BR"
"186.127.245.73:1080","AR"
"181.5.196.47:1080","AR"
"181.3.117.167:1080","US"
"181.5.192.88:1080","CA"
"181.3.173.161:1080","US"
"181.3.56.6:1080","AR"
"181.5.213.161:1080","AR"
"181.102.145.186:1080","CA"
"185.130.105.119:65101","PL"
"181.106.241.169:1080","US"
"186.126.242.43:1080","DE"
"95.216.33.245:9626","NL"
"103.216.82.28:6667","IN"
"181.101.128.72:1080","CA"
"181.101.82.61:1080","CL"
"181.102.71.21:1080","BG"
"181.3.37.16:1080","AR"
"103.21.163.81:6667","IN"
"181.101.180.25:1080","CA"
"181.102.103.108:1080","AR"
"181.101.226.104:1080","BR"
"181.106.237.48:1080","IT"
"185.130.105.119:65129","PL"
"181.82.233.77:1080","AR"
"139.99.104.233:25077","CA"
"181.102.217.176:1080","BR"
"181.101.176.222:1080","US"
"181.3.87.9:1080","CA"
"216.45.60.110:58780","US"
"45.55.230.207:30405","US"
"181.7.204.95:1080","AR"
"181.101.62.87:1080","IT"
"181.102.112.134:1080","CL"
"69.163.162.233:38175","US"
"185.130.105.119:65104","PL"
"186.127.29.91:1080","BR"
"181.102.217.90:1080","CA"
"181.102.5.132:1080","CA"
"181.102.14.79:1080","AR"
"181.102.144.182:1080","BR"
"95.216.33.245:9524","FR"
"181.3.125.169:1080","CA"
"185.130.105.119:65044","PL"
"185.130.105.119:65429","PL"
"181.3.162.78:1080","FR"
"157.230.154.241:9050","US"
"181.102.139.54:1080","CA"
"181.101.36.181:1080","BR"
"181.3.71.62:1080","BR"
"181.101.40.30:1080","AR"
"185.130.105.119:65328","PL"
"181.101.12.166:1080","CA"
"181.7.237.94:1080","CA"
"104.238.97.215:52236","US"
"181.3.139.120:1080","AR"
"185.130.105.119:82","PL"
"185.130.105.105:65035","PL"
"18.177.13.247:443","DE"
"181.106.203.112:1080","CA"
"185.130.105.119:84","PL"
"181.82.234.9:1080","SG"
"50.62.61.96:37916","US"
"69.163.161.225:38175","US"
"181.3.43.76:1080","US"
"181.3.25.134:1080","BR"
"186.127.5.66:1080","BR"
"181.102.214.230:1080","AR"
"181.101.228.50:1080","BR"
"181.106.242.176:1080","IT"
"212.83.191.157:46469","FR"
"104.238.111.218:58095","US"
"192.169.139.161:8975","US"
"150.129.54.111:6667","IN"
"181.102.158.170:1080","AR"
"181.3.72.75:1080","BR"
"181.5.193.14:1080","AR"
"181.101.139.131:1080","CA"
"181.101.161.65:1080","AR"
"181.101.112.211:1080","AR"
"132.148.159.44:25418","US"
"43.224.8.12:6667","IN"
"181.101.56.5:1080","US"
"181.3.97.167:1080","BR"
"104.238.97.215:24747","US"
"103.216.82.206:6667","IN"
"181.106.245.178:1080","BR"
"188.166.22.22:9150","DK"
"178.128.239.129:9050","DK"
"185.126.200.210:1080","IR"
"49.12.4.194:25897","ID"
"31.192.111.221:9999","RU"
"49.12.4.194:43433","ID"
"95.84.164.56:1090","RU"
"61.145.8.130:4216","CN"
"49.88.148.11:38801","CN"
"49.87.18.106:38801","CN"
"180.125.121.187:38801","CN"
"60.173.25.193:38801","CN"
"114.99.20.242:38801","CN"
"220.179.214.204:38801","CN"
"36.26.230.10:38801","CN"
"180.103.21.32:38801","CN"
"49.82.22.145:38801","CN"
"60.162.160.183:38801","CN"
"49.87.18.168:38801","CN"
"49.86.58.9:38801","CN"
"49.71.133.82:38801","CN"
"117.62.164.15:38801","CN"
"218.2.17.230:38801","CN"
"49.87.29.149:38801","CN"
"49.87.29.127:38801","CN"
"60.162.167.116:38801","CN"
"49.87.100.20:38801","CN"
"114.99.9.97:38801","CN"
"220.179.214.143:38801","CN"
"60.169.216.42:38801","CN"
"117.91.237.134:38801","CN"
"60.169.214.212:38801","CN"
"114.99.1.103:38801","CN"
"114.99.6.166:38801","CN"
"80.242.55.103:61465","RU"
"117.65.98.136:38801","CN"
"49.87.44.103:38801","CN"
"114.238.91.13:38801","CN"
"49.85.98.176:38801","CN"
"183.148.137.43:38801","CN"
"114.99.28.157:38801","CN"
"183.166.230.254:38801","CN"
"49.85.84.152:38801","CN"
"36.26.225.49:38801","CN"
"223.243.5.230:4216","CN"
"61.190.160.234:38801","CN"
"49.87.29.12:38801","CN"
"114.233.8.58:38801","CN"
"180.125.102.220:38801","CN"
"222.184.81.154:38801","CN"
"117.60.232.51:38801","CN"
"125.87.89.90:38801","CN"
"49.86.59.21:38801","CN"
"180.122.88.191:38801","CN"
"60.162.160.145:38801","CN"
"125.87.89.145:38801","CN"
"117.57.22.53:38801","CN"
"125.87.89.140:38801","CN"
"223.241.2.95:38801","CN"
"61.190.161.179:38801","CN"
"114.99.21.206:38801","CN"
"125.87.90.51:38801","CN"
"117.60.236.141:38801","CN"
"49.85.50.241:38801","CN"
"125.87.83.189:38801","CN"
"183.149.181.231:38801","CN"
"125.87.82.84:38801","CN"
"117.71.168.230:3000","CN"
"223.244.20.102:38801","CN"
"36.22.232.103:38801","CN"
"223.242.169.83:38801","CN"
"115.201.82.182:38801","CN"
"60.175.212.160:38801","CN"
"114.238.91.109:38801","CN"
"183.162.170.153:4216","CN"
"60.175.213.96:38801","CN"
"60.169.214.181:38801","CN"
"223.244.21.59:38801","CN"
"125.87.81.232:38801","CN"
"58.52.112.179:38801","CN"
"125.87.80.37:38801","CN"
"183.162.167.20:38801","CN"
"60.166.129.75:38801","CN"
"183.166.7.76:38801","CN"
"117.95.90.144:38801","CN"
"223.241.1.82:4216","CN"
"112.85.45.128:38801","CN"
"183.161.229.108:38801","CN"
"183.161.150.94:38801","CN"
"125.87.89.134:38801","CN"
"223.244.21.84:38801","CN"
"117.69.147.101:38801","CN"
"110.188.87.238:38801","CN"
"114.100.147.42:38801","CN"
"117.69.146.200:38801","CN"
"112.247.233.186:38801","CN"
"60.166.128.119:38801","CN"
"113.57.56.222:30002","CN"
"117.69.176.8:38801","CN"
"49.71.129.19:38801","CN"
"117.69.51.218:38801","CN"
"112.85.45.216:38801","CN"
"112.85.45.204:38801","CN"
"124.131.81.177:1080","CN"
"112.85.45.6:38801","CN"
"117.69.176.7:38801","CN"
"112.85.45.177:38801","CN"
"60.31.213.115:1080","CN"
"112.85.45.160:38801","CN"
"119.5.177.151:38801","CN"
"117.69.176.47:38801","CN"
"119.186.64.18:38801","CN"
"218.14.141.180:4216","CN"
"222.133.173.166:38801","CN"
"119.5.189.187:38801","CN"
"36.59.116.222:4216","CN"
"193.53.126.76:33085","RU"
"58.241.158.231:38801","CN"
"183.161.149.110:38801","CN"
"14.18.111.208:38801","CN"
"59.41.131.160:4216","CN"
"103.40.30.133:1080","CN"
"60.175.212.44:38801","CN"
"117.91.250.247:38801","CN"
"119.5.181.8:38801","CN"
"183.163.121.86:38801","CN"
"223.241.167.50:38801","CN"
"14.116.208.123:38801","CN"
"180.125.102.93:38801","CN"
"114.238.208.150:38801","CN"
"114.99.17.21:38801","CN"
"117.91.237.116:38801","CN"
"222.133.162.251:38801","CN"
"114.99.23.71:38801","CN"
"114.100.146.149:38801","CN"
"49.85.84.34:38801","CN"
"117.91.237.249:38801","CN"
"223.241.167.239:38801","CN"
"49.85.84.75:38801","CN"
"36.59.121.100:38801","CN"
"121.230.166.148:38801","CN"
"114.99.20.122:38801","CN"
"113.103.232.225:4216","CN"
"114.104.16.34:3000","CN"
"49.85.99.153:38801","CN"
"223.241.7.82:38801","CN"
"117.57.20.43:38801","CN"
"112.192.179.71:38801","CN"
"223.243.5.47:38801","CN"
"114.101.98.21:38801","CN"
"103.45.251.21:1080","CN"
"36.26.228.96:38801","CN"
"60.162.166.126:38801","CN"
"119.5.189.179:38801","CN"
"183.161.144.111:38801","CN"
"117.67.153.160:30002","CN"
"218.2.60.36:38801","CN"
"125.87.81.31:38801","CN"
"117.57.62.135:38801","CN"
"203.3.85.137:1080","CN"
"114.99.11.243:38801","CN"
"223.244.21.196:38801","CN"
"49.88.174.60:38801","CN"
"36.26.231.132:38801","CN"
"223.241.6.221:38801","CN"
"125.87.93.119:38801","CN"
"117.67.94.81:38801","CN"
"180.127.82.102:38801","CN"
"110.188.87.152:38801","CN"
"117.69.176.223:38801","CN"
"114.233.8.240:38801","CN"
"180.125.15.221:38801","CN"
"36.26.228.13:38801","CN"
"61.190.161.235:38801","CN"
"125.87.87.146:38801","CN"
"114.99.22.175:38801","CN"
"223.243.5.242:4216","CN"
"114.96.62.187:38801","CN"
"114.99.19.155:38801","CN"
"49.85.49.128:38801","CN"
"117.65.86.47:38801","CN"
"36.26.225.171:38801","CN"
"36.26.204.211:38801","CN"
"134.175.102.70:1080","CN"
"36.26.230.9:38801","CN"
"60.169.215.75:38801","CN"
"122.4.43.255:38801","CN"
"223.247.92.72:38801","CN"
"110.188.87.64:38801","CN"
"27.40.124.215:38801","CN"
"114.238.59.119:38801","CN"
"115.201.87.114:38801","CN"
"121.233.169.209:38801","CN"
"114.99.21.35:38801","CN"
"223.242.169.217:38801","CN"
"60.162.164.2:38801","CN"
"60.162.160.48:38801","CN"
"121.230.231.115:38801","CN"
"114.106.217.2:38801","CN"
"47.116.108.45:1080","CN"
"60.162.164.244:38801","CN"
"114.99.11.27:38801","CN"
"49.87.18.118:38801","CN"
"183.148.159.19:38801","CN"
"114.238.176.176:38801","CN"
"117.71.159.13:38801","CN"
"220.179.219.162:38801","CN"
"183.161.228.110:38801","CN"
"124.113.217.86:38801","CN"
"114.99.22.158:38801","CN"
"27.40.111.155:38801","CN"
"114.99.22.5:38801","CN"
"114.101.85.93:38801","CN"
"117.67.64.26:38801","CN"
"114.99.6.116:38801","CN"
"114.98.26.81:38801","CN"
"114.99.1.104:38801","CN"
"114.230.126.122:38801","CN"
"114.105.85.205:38801","CN"
"36.26.205.198:38801","CN"
"60.166.128.99:38801","CN"
"114.104.183.24:38801","CN"
"124.113.192.75:38801","CN"
"183.166.119.49:38801","CN"
"114.98.26.196:38801","CN"
"183.166.228.26:38801","CN"
"114.99.13.94:38801","CN"
"49.88.148.40:30002","CN"
"110.188.87.115:38801","CN"
"223.247.92.27:38801","CN"
"36.59.110.115:38801","CN"
"36.26.207.143:38801","CN"
"125.87.83.91:38801","CN"
"117.95.6.10:38801","CN"
"114.101.99.149:38801","CN"
"58.252.201.125:38801","CN"
"114.99.22.18:38801","CN"
"117.69.176.200:38801","CN"
"220.186.120.255:30002","CN"
"171.112.93.251:38801","CN"
"58.52.117.13:38801","CN"
"183.163.120.90:38801","CN"
"114.99.27.120:38801","CN"
"115.201.83.146:38801","CN"
"114.104.183.243:38801","CN"
"183.166.119.226:38801","CN"
"60.162.163.138:38801","CN"
"36.59.116.96:4216","CN"
"114.99.28.246:38801","CN"
"117.69.177.240:38801","CN"
"49.88.149.198:38801","CN"
"114.104.140.87:38801","CN"
"117.60.238.72:38801","CN"
"223.241.4.85:4216","CN"
"114.105.86.1:38801","CN"
"58.19.83.118:28643","CN"
"117.57.23.229:38801","CN"
"121.233.169.182:38801","CN"
"103.31.235.166:1080","ID"
"117.92.152.10:38801","CN"
"114.238.91.107:38801","CN"
"125.87.91.178:38801","CN"
"183.166.144.44:38801","CN"
"60.169.215.208:38801","CN"
"183.166.87.194:38801","CN"
"117.69.99.170:38801","CN"
"220.179.214.150:38801","CN"
"114.101.96.15:38801","CN"
"114.103.168.63:38801","CN"
"180.122.145.190:38801","CN"
"171.212.91.158:38801","CN"
"113.57.57.193:30002","CN"
"125.87.86.98:38801","CN"
"49.87.171.192:38801","CN"
"171.13.36.101:38801","CN"
"36.26.205.138:38801","CN"
"125.123.70.95:38801","CN"
"117.89.94.109:38801","CN"
"219.147.112.150:1080","CN"
"183.162.167.65:4216","CN"
"181.3.114.39:1080","RU"
"49.88.158.202:38801","CN"
"27.128.247.85:1080","CN"
"117.69.146.132:38801","CN"
"39.72.146.92:38801","CN"
"117.60.236.212:38801","CN"
"49.87.44.116:38801","CN"
"117.60.232.127:38801","CN"
"60.162.162.23:38801","CN"
"223.241.4.204:38801","CN"
"223.247.93.126:38801","CN"
"114.106.76.28:38801","CN"
"60.169.214.226:38801","CN"
"119.5.184.130:38801","CN"
"60.169.211.117:38801","CN"
"36.59.121.71:38801","CN"
"223.241.7.93:38801","CN"
"124.113.216.200:38801","CN"
"125.87.80.203:38801","CN"
"49.82.22.149:38801","CN"
"117.69.146.30:38801","CN"
"114.105.183.251:38801","CN"
"180.125.15.164:38801","CN"
"220.179.219.199:38801","CN"
"61.191.85.229:38801","CN"
"36.59.121.126:38801","CN"
"117.71.172.70:3000","CN"
"49.71.158.224:38801","CN"
"60.173.35.93:38801","CN"
"117.67.0.229:38801","CN"
"49.85.98.66:38801","CN"
"117.92.150.8:38801","CN"
"60.162.160.4:38801","CN"
"223.247.27.3:38801","CN"
"36.6.174.61:38801","CN"
"181.106.243.234:1080","ID"
"183.162.171.125:4216","CN"
"183.162.167.106:38801","CN"
"49.88.174.163:38801","CN"
"36.26.231.161:38801","CN"
"60.169.208.43:38801","CN"
"60.173.24.50:38801","CN"
"117.65.80.167:38801","CN"
"114.103.169.232:38801","CN"
"183.149.181.117:38801","CN"
"61.190.161.14:38801","CN"
"183.166.231.218:38801","CN"
"114.98.25.212:38801","CN"
"49.87.208.89:38801","CN"
"121.233.222.27:38801","CN"
"36.57.71.59:38801","CN"
"180.122.147.59:38801","CN"
"114.99.0.144:38801","CN"
"171.112.94.232:38801","CN"
"117.60.47.229:38801","CN"
"114.100.147.163:38801","CN"
"114.104.182.234:38801","CN"
"58.59.8.94:20336","CN"
"223.247.93.64:38801","CN"
"112.85.45.194:38801","CN"
"39.72.149.26:38801","CN"
"117.65.81.165:38801","CN"
"114.99.20.224:38801","CN"
"220.179.214.201:38801","CN"
"36.26.226.177:38801","CN"
"113.120.32.18:38801","CN"
"171.112.91.184:38801","CN"
"60.169.212.216:38801","CN"
"114.99.8.152:38801","CN"
"49.87.106.43:38801","CN"
"114.99.18.53:38801","CN"
"124.112.177.201:38801","CN"
"60.173.24.193:38801","CN"
"112.85.45.142:38801","CN"
"171.112.89.180:38801","CN"
"117.57.20.251:38801","CN"
"106.111.20.26:38801","CN"
"223.243.5.124:4216","CN"
"183.32.221.183:4216","CN"
"60.175.213.148:38801","CN"
"112.85.45.100:38801","CN"
"114.104.140.68:38801","CN"
"114.233.49.238:38801","CN"
"223.241.6.185:4216","CN"
"171.112.94.9:38801","CN"
"114.233.159.171:38801","CN"
"112.85.45.28:38801","CN"
"223.243.5.185:4216","CN"
"61.145.8.118:4216","CN"
"14.134.188.230:38801","CN"
"117.92.150.229:38801","CN"
"60.162.164.213:38801","CN"
"114.104.141.126:38801","CN"
"114.104.141.80:38801","CN"
"114.99.9.218:38801","CN"
"106.7.40.29:38801","CN"
"183.149.179.160:38801","CN"
"117.71.167.134:3000","CN"
"49.82.12.186:38801","CN"
"36.26.230.219:38801","CN"
"49.85.75.143:38801","CN"
"121.233.169.126:38801","CN"
"60.172.83.177:38801","CN"
"114.101.100.115:38801","CN"
"60.173.47.86:38801","CN"
"58.23.90.234:1080","CN"
"183.166.7.225:38801","CN"
"218.2.17.237:38801","CN"
"49.88.148.15:30002","CN"
"49.88.175.250:30002","CN"
"113.101.136.37:4216","CN"
"125.87.91.91:38801","CN"
"117.65.98.212:38801","CN"
"49.71.133.175:38801","CN"
"222.184.81.18:38801","CN"
"117.69.176.139:38801","CN"
"222.84.250.187:38801","CN"
"114.233.8.130:38801","CN"
"36.26.205.85:38801","CN"
"220.179.214.63:38801","CN"
"114.99.9.17:38801","CN"
"171.112.95.13:38801","CN"
"175.155.50.2:38801","CN"
"223.243.5.217:4216","CN"
"114.238.68.10:38801","CN"
"39.72.144.254:38801","CN"
"114.99.18.90:38801","CN"
"36.26.225.92:38801","CN"
"183.163.121.52:38801","CN"
"36.59.116.29:4216","CN"
"220.179.214.140:38801","CN"
"106.111.192.137:38801","CN"
"49.81.26.238:4216","CN"
"117.67.64.37:38801","CN"
"125.87.93.55:38801","CN"
"113.128.11.25:38801","CN"
"117.69.176.204:38801","CN"
"117.69.25.71:38801","CN"
"220.179.211.198:38801","CN"
"114.99.22.157:38801","CN"
"114.233.8.176:38801","CN"
"218.19.169.92:38801","CN"
"60.173.24.2:38801","CN"
"183.149.190.215:38801","CN"
"114.99.18.166:38801","CN"
"36.59.120.121:38801","CN"
"120.236.252.210:1081","CN"
"115.201.81.21:38801","CN"
"60.172.83.229:38801","CN"
"114.238.176.87:38801","CN"
"49.88.172.118:38801","CN"
"36.59.116.236:4216","CN"
"114.238.68.183:38801","CN"
"119.186.76.241:38801","CN"
"117.65.82.219:38801","CN"
"175.184.232.62:6667","ID"
"110.188.87.230:38801","CN"
"114.99.1.247:38801","CN"
"60.166.128.94:38801","CN"
"117.60.238.205:38801","CN"
"125.87.87.122:38801","CN"
"117.65.82.129:38801","CN"
"49.88.221.207:38801","CN"
"36.57.41.185:38801","CN"
"61.145.35.175:4216","CN"
"58.52.118.252:38801","CN"
"49.88.211.53:38801","CN"
"61.191.85.108:38801","CN"
"110.188.87.142:38801","CN"
"183.163.120.51:38801","CN"
"117.60.238.159:38801","CN"
"114.99.23.70:38801","CN"
"61.145.49.42:4216","CN"
"114.99.2.59:38801","CN"
"49.85.18.204:38801","CN"
"117.91.240.180:38801","CN"
"117.60.35.66:38801","CN"
"125.87.95.43:38801","CN"
"117.91.237.171:38801","CN"
"125.87.85.115:38801","CN"
"78.46.218.20:54871","RU"
"49.87.236.109:38801","CN"
"171.112.93.237:38801","CN"
"220.179.219.193:38801","CN"
"60.162.162.97:38801","CN"
"180.125.121.207:38801","CN"
"171.112.90.173:38801","CN"
"129.211.45.169:1080","CN"
"49.85.30.210:38801","CN"
"49.87.210.83:38801","CN"
"114.98.24.226:38801","CN"
"117.57.21.20:38801","CN"
"183.166.125.2:38801","CN"
"114.99.0.209:38801","CN"
"36.6.172.247:38801","CN"
"222.133.172.244:38801","CN"
"49.88.150.239:38801","CN"
"36.57.71.104:38801","CN"
"125.87.84.147:38801","CN"
"223.244.21.64:38801","CN"
"114.104.183.200:38801","CN"
"180.125.102.138:38801","CN"
"183.162.166.140:38801","CN"
"115.201.91.83:38801","CN"
"61.132.170.109:38801","CN"
"36.59.120.59:38801","CN"
"114.233.49.190:38801","CN"
"112.85.45.224:38801","CN"
"49.88.172.12:38801","CN"
"171.112.95.185:38801","CN"
"121.205.222.133:38801","CN"
"60.169.211.49:38801","CN"
"117.65.93.183:38801","CN"
"114.99.7.88:38801","CN"
"223.241.1.225:38801","CN"
"112.85.45.135:38801","CN"
"117.69.147.65:38801","CN"
"114.104.182.165:38801","CN"
"60.162.161.22:38801","CN"
"58.212.10.122:38801","CN"
"180.127.1.221:38801","CN"
"114.101.62.20:38801","CN"
"114.98.27.121:38801","CN"
"117.57.21.215:38801","CN"
"183.149.172.239:38801","CN"
"49.87.171.12:38801","CN"
"60.172.83.149:38801","CN"
"49.87.210.151:38801","CN"
"223.241.5.99:4216","CN"
"183.149.179.199:38801","CN"
"60.169.215.127:38801","CN"
"180.122.180.213:38801","CN"
"123.179.166.46:30002","CN"
"36.57.70.170:38801","CN"
"60.162.161.108:38801","CN"
"49.88.175.62:38801","CN"
"14.116.216.125:38801","CN"
"117.91.240.81:38801","CN"
"36.6.172.255:38801","CN"
"117.65.87.65:38801","CN"
"119.5.180.155:30002","CN"
"106.110.96.14:4216","CN"
"49.88.158.79:38801","CN"
"125.87.90.170:38801","CN"
"180.125.120.226:38801","CN"
"117.65.92.175:38801","CN"
"36.26.226.100:38801","CN"
"114.99.20.80:38801","CN"
"125.87.92.223:38801","CN"
"117.67.92.241:38801","CN"
"49.88.175.31:38801","CN"
"60.172.82.172:38801","CN"
"58.52.118.67:38801","CN"
"183.166.6.16:38801","CN"
"112.85.45.148:38801","CN"
"49.87.210.113:38801","CN"
"14.116.204.164:38801","CN"
"171.112.88.98:38801","CN"
"114.99.9.37:38801","CN"
"222.133.164.219:38801","CN"
"125.87.87.180:38801","CN"
"220.179.219.56:38801","CN"
"117.95.90.148:38801","CN"
"114.99.11.57:38801","CN"
"49.85.75.100:38801","CN"
"114.230.127.14:38801","CN"
"171.112.90.227:38801","CN"
"120.236.251.104:1081","CN"
"117.60.232.177:38801","CN"
"114.99.19.28:38801","CN"
"114.238.68.112:38801","CN"
"223.247.95.201:4216","CN"
"49.86.58.107:38801","CN"
"183.166.145.190:38801","CN"
"117.69.62.241:38801","CN"
"36.57.41.214:38801","CN"
"59.41.131.69:38801","CN"
"119.5.177.131:38801","CN"
"60.169.212.21:38801","CN"
"117.65.96.193:38801","CN"
"125.87.92.37:38801","CN"
"117.65.98.25:38801","CN"
"114.99.9.143:38801","CN"
"223.241.7.16:4216","CN"
"223.214.171.128:38801","CN"
"223.243.4.107:4216","CN"
"223.241.4.19:38801","CN"
"114.238.151.196:38801","CN"
"183.166.228.243:38801","CN"
"113.57.56.57:30002","CN"
"36.26.228.225:38801","CN"
"114.233.8.91:38801","CN"
"117.69.177.39:38801","CN"
"220.179.210.107:38801","CN"
"223.247.8.234:38801","CN"
"183.163.120.216:38801","CN"
"61.145.48.224:4216","CN"
"114.238.176.107:38801","CN"
"125.87.95.82:38801","CN"
"180.122.89.161:38801","CN"
"183.149.183.39:38801","CN"
"114.99.3.250:38801","CN"
"49.65.135.219:38801","CN"
"117.95.6.39:38801","CN"
"114.101.103.173:38801","CN"
"49.87.44.45:38801","CN"
"49.88.150.103:38801","CN"
"183.161.151.196:38801","CN"
"117.65.85.222:38801","CN"
"60.169.209.191:38801","CN"
"115.201.83.189:38801","CN"
"125.87.94.36:38801","CN"
"183.149.171.253:38801","CN"
"124.113.217.45:38801","CN"
"106.111.202.216:38801","CN"
"60.162.166.85:38801","CN"
"182.148.92.84:38801","CN"
"183.166.144.54:38801","CN"
"117.69.176.164:38801","CN"
"114.96.60.200:38801","CN"
"223.242.246.113:38801","CN"
"60.162.165.232:38801","CN"
"114.233.50.89:38801","CN"
"183.166.230.231:38801","CN"
"49.85.75.94:38801","CN"
"36.26.205.130:38801","CN"
"220.186.66.149:30002","CN"
"117.92.152.52:38801","CN"
"114.99.21.176:38801","CN"
"117.95.90.239:38801","CN"
"124.113.192.124:38801","CN"
"110.188.87.68:38801","CN"
"180.111.136.167:38801","CN"
"58.52.117.14:38801","CN"
"122.4.51.247:38801","CN"
"114.99.15.95:38801","CN"
"60.173.47.135:38801","CN"
"60.166.128.12:38801","CN"
"114.99.12.95:38801","CN"
"180.125.121.61:38801","CN"
"106.111.202.241:38801","CN"
"112.85.45.78:38801","CN"
"183.52.130.241:38801","CN"
"60.162.161.2:38801","CN"
"223.241.0.70:38801","CN"
"116.27.97.109:4216","CN"
"114.98.24.205:4216","CN"
"171.212.91.202:38801","CN"
"36.57.41.183:38801","CN"
"113.110.47.250:4216","CN"
"60.169.209.200:38801","CN"
"117.69.176.32:38801","CN"
"49.86.57.57:38801","CN"
"114.99.7.27:38801","CN"
"125.87.93.136:38801","CN"
"121.204.216.151:1080","CN"
"114.104.183.246:38801","CN"
"58.19.80.44:30002","CN"
"125.123.126.186:38801","CN"
"114.104.185.121:3000","CN"
"61.132.170.64:38801","CN"
"49.88.174.230:38801","CN"
"223.243.4.235:4216","CN"
"36.57.119.14:3000","CN"
"114.99.5.2:38801","CN"
"121.233.222.119:38801","CN"
"114.104.182.164:38801","CN"
"171.112.92.249:38801","CN"
"39.72.49.4:38801","CN"
"114.99.25.27:38801","CN"
"117.69.176.252:38801","CN"
"125.87.80.26:38801","CN"
"58.52.114.200:38801","CN"
"117.60.232.108:38801","CN"
"115.201.91.238:38801","CN"
"60.172.83.225:38801","CN"
"60.169.215.234:38801","CN"
"114.99.18.27:38801","CN"
"120.236.253.166:1081","CN"
"125.87.88.116:38801","CN"
"171.223.230.231:38801","CN"
"114.105.87.72:38801","CN"
"117.60.43.194:38801","CN"
"36.57.70.125:38801","CN"
"117.67.1.29:38801","CN"
"59.42.30.105:38801","CN"
"110.188.87.124:38801","CN"
"60.169.211.86:38801","CN"
"60.169.209.209:38801","CN"
"61.132.170.93:38801","CN"
"114.99.13.127:38801","CN"
"114.104.140.128:38801","CN"
"183.166.7.150:38801","CN"
"223.247.94.220:4216","CN"
"223.241.5.147:38801","CN"
"183.161.144.199:38801","CN"
"60.169.210.86:38801","CN"
"114.238.176.134:38801","CN"
"49.85.53.93:38801","CN"
"171.112.91.58:38801","CN"
"183.161.228.123:38801","CN"
"171.112.92.151:38801","CN"
"125.123.71.21:38801","CN"
"36.59.116.67:4216","CN"
"117.57.21.85:38801","CN"
"113.57.57.203:30002","CN"
"117.95.22.182:38801","CN"
"117.67.92.103:38801","CN"
"60.172.83.15:38801","CN"
"36.26.207.180:38801","CN"
"114.99.4.159:38801","CN"
"116.17.208.161:38801","CN"
"49.87.89.220:38801","CN"
"60.169.212.103:38801","CN"
"114.104.183.11:38801","CN"
"117.95.22.79:38801","CN"
"49.85.98.115:38801","CN"
"112.4.232.37:1080","CN"
"114.99.12.103:38801","CN"
"36.26.229.44:38801","CN"
"114.101.101.113:38801","CN"
"49.85.98.65:38801","CN"
"60.175.213.206:38801","CN"
"114.99.14.45:38801","CN"
"60.169.220.187:38801","CN"
"125.87.87.251:38801","CN"
"60.162.163.3:38801","CN"
"171.112.95.139:38801","CN"
"36.26.229.249:38801","CN"
"218.91.3.118:38801","CN"
"49.88.158.146:38801","CN"
"117.69.50.254:38801","CN"
"36.59.116.97:4216","CN"
"114.238.91.145:38801","CN"
"114.99.11.208:38801","CN"
"49.86.75.245:38801","CN"
"60.169.208.206:38801","CN"
"119.5.180.116:38801","CN"
"61.145.32.223:4216","CN"
"223.241.3.241:38801","CN"
"14.29.196.232:38801","CN"
"114.238.176.145:38801","CN"
"36.57.71.137:38801","CN"
"117.69.51.210:38801","CN"
"114.104.139.133:3000","CN"
"183.52.128.200:38801","CN"
"125.87.89.191:38801","CN"
"171.112.88.198:38801","CN"
"183.162.166.247:38801","CN"
"61.145.4.208:4216","CN"
"59.36.85.214:38801","CN"
"117.67.0.224:38801","CN"
"49.85.99.247:38801","CN"
"49.86.75.65:38801","CN"
"223.247.93.201:38801","CN"
"223.243.5.136:4216","CN"
"117.57.20.175:38801","CN"
"49.82.22.57:38801","CN"
"114.99.15.200:38801","CN"
"36.57.71.86:38801","CN"
"60.175.212.39:38801","CN"
"223.241.7.72:38801","CN"
"171.112.93.4:38801","CN"
"49.88.150.14:38801","CN"
"49.85.54.252:38801","CN"
"125.87.93.216:38801","CN"
"36.59.121.99:38801","CN"
"117.92.112.231:38801","CN"
"49.85.96.62:38801","CN"
"117.60.47.177:38801","CN"
"183.148.150.7:38801","CN"
"113.128.10.175:38801","CN"
"114.101.84.9:38801","CN"
"60.166.128.185:38801","CN"
"114.99.11.15:38801","CN"
"60.169.212.136:38801","CN"
"171.223.230.88:38801","CN"
"114.99.3.219:38801","CN"
"223.241.2.157:38801","CN"
"114.99.23.74:38801","CN"
"117.71.159.177:38801","CN"
"117.69.147.11:38801","CN"
"36.57.41.88:38801","CN"
"114.99.12.69:38801","CN"
"117.69.50.163:38801","CN"
"114.99.3.71:38801","CN"
"58.52.113.107:38801","CN"
"222.165.225.245:3468","ID"
"49.87.210.200:38801","CN"
"117.69.146.55:38801","CN"
"183.166.145.253:38801","CN"
"180.123.219.20:4216","CN"
"114.104.141.51:38801","CN"
"117.69.176.30:38801","CN"
"223.241.3.60:4216","CN"
"180.125.102.120:38801","CN"
"125.87.92.100:38801","CN"
"117.95.22.117:38801","CN"
"117.69.177.59:38801","CN"
"60.162.165.125:38801","CN"
"183.166.230.24:38801","CN"
"49.85.50.161:38801","CN"
"117.69.146.42:38801","CN"
"114.230.123.65:38801","CN"
"223.242.246.157:38801","CN"
"180.122.151.149:38801","CN"
"183.163.123.74:38801","CN"
"49.85.51.111:38801","CN"
"180.122.48.176:38801","CN"
"117.65.93.187:38801","CN"
"117.67.1.111:38801","CN"
"223.243.4.189:38801","CN"
"60.169.213.161:38801","CN"
"60.169.209.18:38801","CN"
"183.149.174.198:38801","CN"
"114.233.50.194:38801","CN"
"180.122.181.10:38801","CN"
"117.69.147.176:38801","CN"
"113.100.9.110:4216","CN"
"223.243.5.105:38801","CN"
"183.166.145.77:38801","CN"
"114.238.91.103:38801","CN"
"36.59.117.8:4216","CN"
"36.59.120.190:38801","CN"
"223.244.21.31:38801","CN"
"49.85.50.136:38801","CN"
"117.95.6.37:38801","CN"
"114.104.182.25:38801","CN"
"117.57.23.73:38801","CN"
"114.99.5.195:38801","CN"
"180.122.151.214:38801","CN"
"180.122.89.103:38801","CN"
"36.26.225.102:38801","CN"
"36.26.227.221:38801","CN"
"60.173.47.129:38801","CN"
"114.99.15.97:38801","CN"
"114.99.11.139:38801","CN"
"114.101.61.245:38801","CN"
"114.99.2.142:38801","CN"
"114.99.16.9:38801","CN"
"117.95.22.161:38801","CN"
"114.105.80.165:38801","CN"
"223.247.92.215:38801","CN"
"223.241.4.25:4216","CN"
"115.201.92.41:38801","CN"
"193.112.113.188:1080","CN"
"202.107.233.123:3010","CN"
"60.169.217.36:38801","CN"
"36.57.70.192:38801","CN"
"125.87.81.178:38801","CN"
"180.119.96.47:38801","CN"
"114.104.182.253:38801","CN"
"121.233.169.131:38801","CN"
"114.104.140.67:38801","CN"
"49.88.220.159:38801","CN"
"183.128.243.178:38801","CN"
"125.87.85.242:38801","CN"
"183.148.159.47:38801","CN"
"61.190.160.242:38801","CN"
"112.192.179.82:38801","CN"
"60.173.24.23:38801","CN"
"49.85.96.209:38801","CN"
"114.101.83.128:38801","CN"
"60.162.160.54:38801","CN"
"49.86.89.91:28643","CN"
"60.162.167.160:38801","CN"
"183.166.144.111:38801","CN"
"114.104.182.197:38801","CN"
"58.52.116.55:38801","CN"
"117.65.80.75:38801","CN"
"124.112.95.58:38801","CN"
"60.162.166.80:38801","CN"
"117.57.20.223:38801","CN"
"58.52.112.87:38801","CN"
"36.6.175.173:38801","CN"
"114.99.4.210:38801","CN"
"117.69.177.130:38801","CN"
"114.104.183.70:38801","CN"
"115.201.85.52:38801","CN"
"61.145.8.84:4216","CN"
"60.169.213.117:38801","CN"
"49.82.22.11:38801","CN"
"183.149.182.95:38801","CN"
"60.166.129.190:38801","CN"
"60.162.160.226:38801","CN"
"114.238.91.251:38801","CN"
"117.69.177.74:38801","CN"
"117.69.176.66:38801","CN"
"114.99.11.215:38801","CN"
"113.103.121.225:4216","CN"
"223.247.92.55:38801","CN"
"117.69.177.98:38801","CN"
"183.163.121.128:38801","CN"
"171.112.90.135:38801","CN"
"121.233.169.225:38801","CN"
"60.167.4.111:28643","CN"
"117.60.42.200:38801","CN"
"60.169.217.188:38801","CN"
"117.67.0.99:38801","CN"
"117.67.0.88:38801","CN"
"183.166.144.38:38801","CN"
"49.87.18.28:38801","CN"
"49.71.158.187:38801","CN"
"117.60.42.157:38801","CN"
"223.241.7.206:38801","CN"
"117.69.177.35:38801","CN"
"58.52.116.5:38801","CN"
"223.243.5.79:4216","CN"
"36.57.40.49:38801","CN"
"36.26.207.165:38801","CN"
"183.166.231.159:38801","CN"
"121.233.169.200:38801","CN"
"114.99.22.206:38801","CN"
"49.85.75.75:38801","CN"
"60.172.83.93:38801","CN"
"218.91.6.10:38801","CN"
"125.87.84.161:38801","CN"
"183.162.167.101:4216","CN"
"114.101.63.146:38801","CN"
"36.59.120.137:38801","CN"
"36.59.116.92:4216","CN"
"115.201.92.215:38801","CN"
"47.114.8.133:1080","CN"
"61.190.161.40:38801","CN"
"180.111.136.74:38801","CN"
"121.233.169.243:38801","CN"
"114.98.25.55:38801","CN"
"114.104.183.116:38801","CN"
"114.99.8.22:38801","CN"
"125.87.87.147:38801","CN"
"114.101.63.175:38801","CN"
"223.247.11.112:38801","CN"
"114.99.19.137:38801","CN"
"117.60.35.245:38801","CN"
"59.36.171.26:38801","CN"
"117.67.1.146:38801","CN"
"114.101.103.240:38801","CN"
"121.233.169.193:38801","CN"
"114.233.49.172:38801","CN"
"58.52.113.144:38801","CN"
"125.87.80.78:38801","CN"
"114.104.183.216:38801","CN"
"171.223.230.188:38801","CN"
"114.99.12.196:38801","CN"
"117.65.86.12:38801","CN"
"114.101.87.178:38801","CN"
"121.230.228.138:38801","CN"
"114.98.26.41:38801","CN"
"117.65.81.180:38801","CN"
"36.26.228.249:38801","CN"
"27.150.24.89:38801","CN"
"114.101.99.16:38801","CN"
"114.233.49.249:38801","CN"
"60.162.166.69:38801","CN"
"114.101.100.233:38801","CN"
"114.98.25.182:38801","CN"
"117.57.20.202:38801","CN"
"183.166.138.59:3000","CN"
"60.175.213.57:38801","CN"
"180.119.98.47:38801","CN"
"124.112.177.149:38801","CN"
"110.188.87.99:38801","CN"
"171.112.94.21:38801","CN"
"183.161.144.208:38801","CN"
"117.57.20.110:38801","CN"
"183.166.145.160:38801","CN"
"36.26.230.145:38801","CN"
"58.52.113.84:38801","CN"
"49.81.26.51:4216","CN"
"36.59.120.185:4216","CN"
"114.105.182.69:4216","CN"
"114.99.8.244:38801","CN"
"183.166.90.56:38801","CN"
"58.87.93.15:1080","CN"
"49.88.168.20:38801","CN"
"218.203.132.117:1080","CN"
"110.188.87.27:38801","CN"
"49.87.208.48:38801","CN"
"49.88.148.187:38801","CN"
"114.99.8.111:38801","CN"
"183.162.170.247:4216","CN"
"223.241.7.148:38801","CN"
"114.101.83.249:38801","CN"
"36.59.121.197:38801","CN"
"36.26.229.33:38801","CN"
"223.242.247.104:38801","CN"
"114.99.4.251:38801","CN"
"125.87.87.138:38801","CN"
"60.169.50.137:28643","CN"
"59.32.21.208:38801","CN"
"119.142.242.246:4216","CN"
"183.148.137.48:38801","CN"
"183.162.167.229:38801","CN"
"114.99.6.88:38801","CN"
"49.82.22.107:38801","CN"
"181.102.178.145:1080","RU"
"49.87.171.224:38801","CN"
"114.106.216.184:38801","CN"
"223.243.129.227:38801","CN"
"120.236.251.37:1081","CN"
"49.85.75.68:38801","CN"
"121.225.25.116:1080","CN"
"223.241.6.86:38801","CN"
"49.85.97.191:38801","CN"
"60.162.165.12:38801","CN"
"49.87.29.78:38801","CN"
"49.87.18.213:38801","CN"
"49.85.99.239:38801","CN"
"60.169.212.141:38801","CN"
"114.98.25.235:38801","CN"
"114.99.12.49:38801","CN"
"45.15.253.66:1081","CN"
"223.241.7.218:4216","CN"
"117.65.98.213:38801","CN"
"49.85.53.135:38801","CN"
"61.132.170.238:38801","CN"
"114.104.141.128:38801","CN"
"183.148.142.147:38801","CN"
"36.59.120.156:38801","CN"
"171.112.88.21:38801","CN"
"14.29.191.87:38801","CN"
"60.169.213.9:38801","CN"
"125.87.80.156:38801","CN"
"117.67.64.139:38801","CN"
"183.166.144.249:38801","CN"
"60.169.209.50:38801","CN"
"117.60.232.227:38801","CN"
"114.99.3.93:38801","CN"
"183.162.166.214:38801","CN"
"183.166.87.167:38801","CN"
"47.99.67.57:1080","CN"
"120.26.66.53:1080","CN"
"114.99.12.58:38801","CN"
"183.161.227.54:38801","CN"
"36.57.41.76:38801","CN"
"36.26.204.73:38801","CN"
"114.233.8.224:38801","CN"
"223.241.2.159:38801","CN"
"36.59.110.92:38801","CN"
"49.82.22.178:38801","CN"
"125.87.95.226:38801","CN"
"60.175.212.117:38801","CN"
"185.4.31.211:8080","IR"
"14.29.255.230:38801","CN"
"60.169.211.156:38801","CN"
"180.109.147.241:38801","CN"
"59.32.45.131:38801","CN"
"125.87.82.223:38801","CN"
"117.65.83.181:38801","CN"
"185.130.105.119:65022","RU"
"114.101.63.213:38801","CN"
"125.87.93.248:38801","CN"
"114.233.8.236:38801","CN"
"58.52.116.108:38801","CN"
"183.233.181.119:1081","CN"
"36.26.231.214:38801","CN"
"114.104.140.20:38801","CN"
"106.111.202.169:38801","CN"
"117.65.92.108:38801","CN"
"114.99.7.154:38801","CN"
"114.104.140.24:38801","CN"
"49.85.98.80:38801","CN"
"103.215.223.225:1080","IR"
"125.87.80.27:38801","CN"
"175.22.14.29:38801","CN"
"183.166.144.112:38801","CN"
"58.212.10.76:38801","CN"
"121.230.166.229:38801","CN"
"60.172.83.254:38801","CN"
"49.88.235.97:38801","CN"
"171.112.90.201:38801","CN"
"60.169.212.64:38801","CN"
"114.99.13.184:38801","CN"
"220.186.111.2:30002","CN"
"171.112.94.58:38801","CN"
"39.96.175.55:1080","CN"
"49.87.236.234:38801","CN"
"36.26.231.165:38801","CN"
"183.166.144.170:38801","CN"
"114.99.14.2:38801","CN"
"49.82.22.80:38801","CN"
"36.26.229.255:38801","CN"
"60.169.217.203:38801","CN"
"36.26.204.194:38801","CN"
"114.106.77.127:38801","CN"
"60.166.129.35:38801","CN"
"114.99.21.241:38801","CN"
"223.247.93.128:4216","CN"
"183.233.181.216:1081","CN"
"49.88.174.219:38801","CN"
"112.85.45.22:38801","CN"
"58.52.113.38:38801","CN"
"36.59.116.8:4216","CN"
"36.6.174.12:38801","CN"
"114.99.0.175:38801","CN"
"183.234.162.229:1081","CN"
"117.89.95.10:38801","CN"
"60.172.83.193:38801","CN"
"117.65.84.37:38801","CN"
"106.111.202.21:38801","CN"
"14.18.102.157:38801","CN"
"117.69.25.62:38801","CN"